id,label
watson,watson
tambay,tambay
surer,surer
serra,serra
rosberg,rosberg
reutemann,reutemann
piquet,piquet
laffite,laffite
jones,jones
jabouille,jabouille
giacomelli,giacomelli
gabbiani,gabbiani
cheever,cheever
arnoux,arnoux
andretti,andretti
jarier,jarier
mansell,mansell
de angelis,de angelis
rebaque,rebaque
prost,prost
villeneuve,villeneuve
stohr,stohr
zunino,zunino
patrese,patrese
salazar,salazar
borgudd,borgudd
guerra,guerra
pironi,pironi
alboreto,alboreto
daly,daly
fittipaldi,fittipaldi
schumacher,schumacher
brundle,brundle
lehto,lehto
warwick,warwick
comas,comas
hill,hill
wendlinger,wendlinger
suzuki,suzuki
zanardi,zanardi
alesi,alesi
decesaris,decesaris
badoer,badoer
alliot,alliot
blundell,blundell
senna,senna
scumacher,scumacher
boutsen,boutsen
barbazza,barbazza
herbert,herbert
barrichello,barrichello
katayama,katayama
berger,berger
martini,martini
lamy,lamy
tsuzuki,tsuzuki
hakkinen,hakkinen
irvine,irvine
coulthard,coulthard
bernard,bernard
salo,salo
wend linger,wend linger
adams,adams
verstappen,verstappen
morbidelli,morbidelli
panis,panis
beretta,beretta
frentzen,frentzen
gounon,gounon
de cesaris,de cesaris
brabham,brabham
gachot,gachot
schiatarella,schiatarella
inoue,inoue
moreno,moreno
diniz,diniz
montermini,montermini
boullion,boullion
papis,papis
deletraz,deletraz
tarquini,tarquini
magnussen,magnussen
hamilton,hamilton
trulli,trulli
alonso,alonso
glock,glock
buemi,buemi
sutil,sutil
heidfeld,heidfeld
kubica,kubica
nakajima,nakajima
raikkonen,raikkonen
kovalainen,kovalainen
alguersuari,alguersuari
button,button
fisichella,fisichella
liuzzi,liuzzi
kobayashi,kobayashi
vettel,vettel
webber,webber
massa,massa
sato,sato
coulard,coulard
bourdais,bourdais
de la rosa,de la rosa
hulkenberg,hulkenberg
di grassi,di grassi
petrov,petrov
chandhok,chandhok
maldonado,maldonado
diresta,diresta
perez,perez
d'ambrosio,d'ambrosio
delarosa,delarosa
karikeyan,karikeyan
ricciardo,ricciardo
di resta,di resta
vergne,vergne
grosjean,grosjean
maldolanado,maldolanado
pic,pic
karthikeyan,karthikeyan
gutierrez,gutierrez
bianchi,bianchi
van der garde,van der garde
bottas,bottas
chilton,chilton
maldonaldo,maldonaldo
kvyat,kvyat
ericsson,ericsson
nasr,nasr
sainz,sainz
stevens,stevens
merhi,merhi
rossi,rossi
palmer,palmer
haryanto,haryanto
wehrlein,wehrlein
vandoorne,vandoorne
ocon,ocon
stroll,stroll
gasly,gasly
hartley,hartley
sirotkin,sirotkin
leclerc,leclerc
russell,russell
norris,norris
albon,albon
giovinazzi,giovinazzi
latifi,latifi
aitken,aitken
klien,klien
yamamoto,yamamoto
davidson,davidson
baddoer,baddoer
outsen,outsen
dalmas,dalmas
ratzenberger,ratzenberger
lagorce,lagorce
noka,noka
lavaggi,lavaggi